INSERT INTO CLIENT (id, EMAIL, FIRST_NAME, PHONE_NUMBER, PASSPORTID, SECOND_NAME) values ('20E60E0175D4F44CD6F7947883DDD4D0', 'KorkWake@smarts.ru', 'Kork', '89587656778', '9177856785', 'Wake');
INSERT INTO CLIENT (id, EMAIL, FIRST_NAME, PHONE_NUMBER, PASSPORTID, SECOND_NAME) values ('20E60E0175D4F44CD6F7947883DDD4D1', 'Anatoliy@gmail.com', 'Anatoliy', '89678587656', '9177856778', 'Noriaki');
INSERT INTO CLIENT (id, EMAIL, FIRST_NAME, PHONE_NUMBER, PASSPORTID, SECOND_NAME)  values ('20E60E0175D4F44CD6F7947883DDD4D2', 'pro100Noriaki@mail.ru', 'Tolik', '89876585678', '9177787856', 'Kishibe');

INSERT INTO CREDIT VALUES ('20E60E0175D4F44CD6F7947883DDD5A1', 5, 50000);
INSERT INTO CREDIT VALUES ('20E60E0175D4F44CD6F7947883DDD5A2', 12, 20000);

INSERT INTO BANK (ID,TITLE) VALUES ('20E60E0175D4F44CD6F7947883DDD5D0','Krok bank');
INSERT INTO BANK (ID,TITLE) VALUES ('20E60E0175D4F44CD6F7947883DDD5D1','SberBank');

INSERT INTO BANK_CLIENT_LIST (BANK_ID,CLIENT_LIST_ID) VALUES ('20E60E0175D4F44CD6F7947883DDD5D0','20E60E0175D4F44CD6F7947883DDD4D0');
INSERT INTO BANK_CLIENT_LIST (BANK_ID,CLIENT_LIST_ID) VALUES ('20E60E0175D4F44CD6F7947883DDD5D0','20E60E0175D4F44CD6F7947883DDD4D1');

INSERT INTO BANK_CREDIT_LIST (BANK_ID,CREDIT_LIST_ID) VALUES('20E60E0175D4F44CD6F7947883DDD5D0','20E60E0175D4F44CD6F7947883DDD5A1');

INSERT INTO BANK_CLIENT_LIST (BANK_ID,CLIENT_LIST_ID) VALUES ('20E60E0175D4F44CD6F7947883DDD5D1','20E60E0175D4F44CD6F7947883DDD4D2');
INSERT INTO BANK_CREDIT_LIST (BANK_ID,CREDIT_LIST_ID) VALUES('20E60E0175D4F44CD6F7947883DDD5D1','20E60E0175D4F44CD6F7947883DDD5A2');